<?xml version="1.0" encoding="UTF-8"?>
<beans xmlns="http://www.springframework.org/schema/beans"
    xmlns:xsi="http://www.w3.org/2001/XMLSchema-instance"
    xmlns:context="http://www.springframework.org/schema/context"
    xmlns:tx="http://www.springframework.org/schema/tx"
    xmlns:p="http://www.springframework.org/schema/p"
    xsi:schemaLocation="http://www.springframework.org/schema/beans http://www.springframework.org/schema/beans/spring-beans.xsd
    http://www.springframework.org/schema/context http://www.springframework.org/schema/context/spring-context.xsd
    http://www.springframework.org/schema/tx http://www.springframework.org/schema/tx/spring-tx.xsd
    http://www.springframework.org/schema/p ">

    <context:annotation-config />
    <context:component-scan base-package="com.ecommerce.controller" />
    
    <bean id="jspViewResolver" class="org.springframework.web.servlet.view.InternalResourceViewResolver">
        <property name="viewClass" value="org.springframework.web.servlet.view.JstlView" />
        <property name="prefix" value="/WEB-INF/view/" />
        <property name="suffix" value=".jsp" />
    </bean>
    
    <bean id="messageSource" class="org.springframework.context.support.ReloadableResourceBundleMessageSource">
        <property name="basename" value="classpath:messages" />
        <property name="defaultEncoding" value="UTF-8" />
    </bean>
   
    <bean id="dataSource" class="org.apache.commons.dbcp.BasicDataSource" destroy-method="close"
        p:driverClassName="${jdbc.driverClassName}"
        p:url="${jdbc.databaseurl}"
        p:username="${jdbc.username}"
        p:password="${jdbc.password}" />
    
    <bean id="ds" class="org.springframework.jdbc.datasource.DriverManagerDataSource">    
        <property name="driverClassName" value="com.mysql.jdbc.Driver" />    
        <property name="url" value="jdbc:mysql://localhost:3306/ecommerce" />    
        <property name="username" value="root" />    
        <property name="password" value="admin" />    
    </bean>
    
    <bean id="jt" class="org.springframework.jdbc.core.JdbcTemplate">    
        <property name="dataSource" ref="ds" />    
    </bean>
    
    <bean id="dao" class="com.ecommerce.dao.EProductDAO">    
        <property name="template" ref="jt" />    
    </bean>
  
    <tx:annotation-driven />
    
    <bean id="transactionManager" class="org.springframework.orm.hibernate3.HibernateTransactionManager">
        <property name="sessionFactory" ref="sessionFactory" />
    </bean>
</beans>