<?xml version='1.0' encoding='utf-8'?>
<!DOCTYPE hibernate-configuration PUBLIC
"-//Hibernate/Hibernate Configuration DTD 3.0//EN"
"http://www.hibernate.org/dtd/hibernate-configuration-3.0.dtd">
<hibernate-configuration>       
  <session-factory>
    <!-- Database connection settings -->
    <property name="connection.driver_class">com.mysql.jdbc.Driver</property>
    <property name="connection.url">jdbc:mysql://localhost/db1</property>
    <property name="connection.username">root</property>
    <property name="connection.password">admin</property>
 <property name="hibernate.dialect">org.hibernate.dialect.MySQL8Dialect</property>
         <!--hibernate config  -->
       <property name="hbm2ddl.auto">update</property>
       <property name="show_sql">true</property>
        <!--pojo -->
       <mapping class="com.ecommerce"/>
    </session-factory>
</hibernate-configuration>